<assembly
	xmlns="http://maven.apache.org/plugins/maven-assembly-plugin/assembly/1.1.2"
	xmlns:xsi="http://www.w3.org/2001/XMLSchema-instance"
	xsi:schemaLocation="http://maven.apache.org/plugins/maven-assembly-plugin/assembly/1.1.2 http://maven.apache.org/xsd/assembly-1.1.2.xsd">
	<id>src</id>
	<includeBaseDirectory>false</includeBaseDirectory>
	<formats>
		<format>zip</format>
	</formats>
	<fileSets>
		<fileSet>
			<useDefaultExcludes>false</useDefaultExcludes>
			<includes>
				<include>pom.xml</include>
				<include>.gitignore</include>
				<include>*.launch</include>
				<include>LICENSE</include>
			</includes>
		</fileSet>

		<fileSet>
			<directory>src</directory>
		</fileSet>

		<fileSet>
			<directory>target</directory>
			<includes>
				<include>changelog.xml</include>
				<include>changelog.html</include>
			</includes>
			<outputDirectory>docs</outputDirectory>
		</fileSet>
	</fileSets>
</assembly>
